"Variable / Field Name","Form Name","Section Header","Field Type","Field Label","Choices, Calculations, OR Slider Labels","Field Note","Text Validation Type OR Show Slider Number","Text Validation Min","Text Validation Max",Identifier?,"Branching Logic (Show field only if...)","Required Field?","Custom Alignment","Question Number (surveys only)","Matrix Group Name","Matrix Ranking?","Field Annotation"
record_id,m2c2_digital,,text,"Record ID",,,,,,,,,,,,,
record_id_3eb4d6,m2c2_digital,,text,record_id,,,,,,y,,,,,,,
participant_id_r7,m2c2_digital,,text,"Participant ID:",,,,,,y,,,LH,,,," @HIDDEN-SURVEY"
session_id_r7,m2c2_digital,,text,"Session ID:",,,,,,y,,,LH,,,," @HIDDEN-SURVEY"
session_dt_r7,m2c2_digital,,text,"Session Date:",,,date_mdy,,,y,,,LH,,,," @HIDDEN-SURVEY"
r7_sleep_hrs,m2c2_digital,"<div class=""rich-text-field-label""><h5 style=""text-align: center;"">Sleep Assessment</h5></div>",text,"To the best of your ability, can you estimate how many hours you slept last night?",,,integer,0,24,y,,,LH,,,,
m2c2_benson_im_dbbec0,m2c2_digital,"<div class=""rich-text-field-label""><h5 style=""text-align: center;"">Digital Cognitive Measures</h5></div>",descriptive,"<a href=""https://runner.m2c2kit.com/?assessment=@m2c2-project/assessment-drawing-benson@1.1.6&api_key=demo&study_id=demo&trial_phase_type=immediate&post_immediate_trial_message_ms=5000&participant_id=[participant_id_r7]&session_id=[session_id_r7]"" target=""_blank"">Task: Benson Immediate</a>",,,,,,,,,,,,,
m2c2_digit_span_fwd_db46ff,m2c2_digital," ",descriptive,"<a href=""https://runner.m2c2kit.com/?assessment=@m2c2-project/assessment-audio-digit-span@1.1.10&api_key=demo&study_id=demo&response_order=forward&allow_next_trial_delay_ms=3000&participant_id=[participant_id_r7]&session_id=[session_id_r7]"" target=""_blank"">Task: Digit Span Forward</a>",,,,,,,,,,,,,
m2c2_digit_span_bwd_2179f7,m2c2_digital," ",descriptive,"<a href=""https://runner.m2c2kit.com/?assessment=@m2c2-project/assessment-audio-digit-span@1.1.10&api_key=demo&study_id=demo&response_order=backward&allow_next_trial_delay_ms=3000&participant_id=[participant_id_r7]&session_id=[session_id_r7]"" target=""_blank"">Task: Digit Span Backward</a>",,,,,,,,,,,,,
m2c2_trail_a_e24444,m2c2_digital," ",descriptive,"<a href=""https://runner.m2c2kit.com/?assessment=@m2c2-project/assessment-trailmaking@1.2.7&api_key=demo&study_id=demo&node_map_key=1&task_mode=A&collection_window_ms=150000&participant_id=[participant_id_r7]&session_id=[session_id_r7]"" target=""_blank"">Task: Trailmaking Version A</a>",,,,,,,,,,,,,
m2c2_trail_b_adfbe5,m2c2_digital," ",descriptive,"<a href=""https://runner.m2c2kit.com/?assessment=@m2c2-project/assessment-trailmaking@1.2.7&api_key=demo&study_id=demo&node_map_key=1&task_mode=B&collection_window_ms=300000&participant_id=[participant_id_r7]&session_id=[session_id_r7]"" target=""_blank"">Task: Trailmaking Version B</a>",,,,,,,,,,,,,
m2c2_benson_del_b12c9e,m2c2_digital," ",descriptive,"<a href=""https://runner.m2c2kit.com/?assessment=@m2c2-project/assessment-drawing-benson@1.1.6&api_key=demo&study_id=demo&&trial_phase_type=delayed&participant_id=[participant_id_r7]&session_id=[session_id_r7]"" target=""_blank"">Task: Benson Delayed</a>",,,,,,,,,,,,,
m2c2_nonbenson_clock_6ee2a2,m2c2_digital," ",descriptive,"<a href=""https://runner.m2c2kit.com/assessments/@m2c2-project/assessment-drawing@1.1.3/index.html?api_key=demo&study_id=demo&stimulus_image_sequence=[%22clock%22]&number_of_trials=1&participant_id=[participant_id_r7]&session_id=[session_id_r7]"" target=""_blank"">Task: Non-Benson Drawing Test Clock</a>",,,,,,,,,,,,,
m2c2_nonbenson_spiral_81205c,m2c2_digital," ",descriptive,"<a href=""https://runner.m2c2kit.com/assessments/@m2c2-project/assessment-drawing@1.1.3/index.html?api_key=demo&study_id=demo&stimulus_image_sequence=[%22spiral%22]&number_of_trials=1&participant_id=[participant_id_r7]&session_id=[session_id_r7]"" target=""_blank"">Task: Non-Benson Drawing Test Spiral</a>",,,,,,,,,,,,,
m2c2_dsst_2ff26b,m2c2_digital," ",descriptive,"<a href=""https://runner.m2c2kit.com/?assessment=@m2c2-project/assessment-dsst-drawing@1.1.9&api_key=demo&study_id=demo&participant_id=[participant_id_r7]&session_id=[session_id_r7]"" target=""_blank"">Task: DSST</a>",,,,,,,,,,,,,
m2c2_voice_sentence_133730,m2c2_digital," ",descriptive,"<a href=""https://runner.m2c2kit.com/?assessment=@m2c2-project/assessment-voice-recording@1.1.10&api_key=demo&study_id=demo&prompt_type=sentence&participant_id=[participant_id_r7]&session_id=[session_id_r7]"" target=""_blank"">Task: Voice Sentence</a>",,,,,,,,,,,,,
m2c2_voice_enunciate_73703b,m2c2_digital," ",descriptive,"<a href=""https://runner.m2c2kit.com/?assessment=@m2c2-project/assessment-voice-recording@1.1.10&api_key=demo&study_id=demo&prompt_type=enunciate&participant_id=[participant_id_r7]&session_id=[session_id_r7]"" target=""_blank"">Task: Voice Enunciate</a>",,,,,,,,,,,,,
m2c2_cookie_theft_bc93e3,m2c2_digital," ",descriptive,"<a href=""https://runner.m2c2kit.com/?assessment=@m2c2-project/assessment-voice-recording@1.1.10&api_key=demo&study_id=demo&prompt_type=image&trial_duration_ms=60000&participant_id=[participant_id_r7]&session_id=[session_id_r7]"" target=""_blank"">Task: Cookie Theft</a>",,,,,,,,,,,,,
m2c2_typing_same_8529b2,m2c2_digital," ",descriptive,"<a href=""https://runner.m2c2kit.com/?assessment=@m2c2-project/assessment-key-typing@1.0.4&api_key=demo&study_id=demo&administration_type=same&prompt_type=word&trial_duration_ms=15000&participant_id=[participant_id_r7]&session_id=[session_id_r7]"" target=""_blank"">Task: Typing Same</a>
",,,,,,,,,,,,,
m2c2_typing_successive_e8e27c,m2c2_digital," ",descriptive,"<p><a href=""https://runner.m2c2kit.com/?assessment=@m2c2-project/assessment-key-typing@1.0.4&api_key=demo&study_id=demo&administration_type=successive&prompt_type=word&stimulus_duration_ms=2000&trial_duration_ms=15000&participant_id=[participant_id_r7]&session_id=[session_id_r7]"" target=""_blank"" rel=""noopener"">Task: Typing Successive</a></p>",,,,,,,,,,,,,
m2c2_mobility_8888ec,m2c2_digital," ",descriptive,"<a href=""https://runner.m2c2kit.com/?assessment=@m2c2-project/assessment-motion@1.1.4&api_key=demo&study_id=demo&participant_id=[participant_id_r7]&session_id=[session_id_r7]"" target=""_blank"">Task: Mobility</a>",,,,,,,,,,,,,
